{
  "baseline": {
    "response": "AI (artificial intelligence) refers to a machine's ability to learn and perform tasks that typically require human intelligence.",
    "metrics": {
      "total_time": 19.530099216000963,
      "tokenization_time": 0.0011503980022098403,
      "generation_time": 19.527829374001158,
      "postprocessing_time": 0.0005786590008938219,
      "input_tokens": 4,
      "output_tokens": 23,
      "total_tokens": 27,
      "tokens_per_second": 1.382481456001973,
      "output_tokens_per_second": 1.177806276340247,
      "peak_memory_mb": 10749.38671875,
      "average_memory_mb": 10718.837239583334,
      "memory_per_token": 398.12543402777777,
      "input_length": 11,
      "output_length": 128,
      "input_words": 3,
      "output_words": 18,
      "adaptivocab": false,
      "simple_adaptivocab": false,
      "word_removal": false,
      "larosa": false,
      "vattention": false,
      "tokens_per_mb": 0.00251177120206349,
      "words_per_second": 0.9217614336575846,
      "efficiency_score": 5.953746113761408
    }
  },
  "simple_adaptivocab": {
    "response": "AI, or artificial intelligence, refers to the simulation of human intelligence in machines that are programmed to think and learn like humans.",
    "metrics": {
      "total_time": 19.30055533599807,
      "tokenization_time": 0.0020753159988089465,
      "generation_time": 19.296934468999098,
      "postprocessing_time": 0.0010587040014797822,
      "input_tokens": 4,
      "output_tokens": 25,
      "total_tokens": 29,
      "tokens_per_second": 1.5025474394465321,
      "output_tokens_per_second": 1.295542566108777,
      "peak_memory_mb": 10629.359375,
      "average_memory_mb": 10624.565104166668,
      "memory_per_token": 366.52963362068965,
      "input_length": 11,
      "output_length": 142,
      "input_words": 3,
      "output_words": 22,
      "adaptivocab": true,
      "simple_adaptivocab": true,
      "word_removal": false,
      "larosa": false,
      "vattention": false,
      "tokens_per_mb": 0.002728292362398369,
      "words_per_second": 1.1400774581757238,
      "efficiency_score": 7.201837463487332
    }
  },
  "word_removal_3": {
    "response": "the difference between a redox reaction and an acid-base reaction?",
    "metrics": {
      "total_time": 19.221911218002788,
      "tokenization_time": 0.00020139200205449015,
      "generation_time": 19.22061748499982,
      "postprocessing_time": 0.0003925040000467561,
      "input_tokens": 2,
      "output_tokens": 14,
      "total_tokens": 16,
      "tokens_per_second": 0.8323834096692101,
      "output_tokens_per_second": 0.7283845074657929,
      "peak_memory_mb": 10629.19921875,
      "average_memory_mb": 10622.53515625,
      "memory_per_token": 664.324951171875,
      "input_length": 7,
      "output_length": 66,
      "input_words": 2,
      "output_words": 10,
      "adaptivocab": false,
      "simple_adaptivocab": false,
      "word_removal": true,
      "larosa": false,
      "vattention": false,
      "tokens_per_mb": 0.0015052874323566972,
      "words_per_second": 0.520274648189852,
      "efficiency_score": 3.3334049500973912
    }
  },
  "larosa": null,
  "all_combined": {
    "response": "the name of the person who designed the T-54 tank?",
    "metrics": {
      "total_time": 19.131546438999067,
      "tokenization_time": 0.00030984700060798787,
      "generation_time": 19.130175329999474,
      "postprocessing_time": 0.0006060160012566485,
      "input_tokens": 2,
      "output_tokens": 13,
      "total_tokens": 15,
      "tokens_per_second": 0.7840453487556532,
      "output_tokens_per_second": 0.6795546708666971,
      "peak_memory_mb": 10621.34375,
      "average_memory_mb": 10616.799479166664,
      "memory_per_token": 708.0895833333333,
      "input_length": 7,
      "output_length": 50,
      "input_words": 2,
      "output_words": 10,
      "adaptivocab": true,
      "simple_adaptivocab": true,
      "word_removal": true,
      "larosa": false,
      "vattention": true,
      "tokens_per_mb": 0.001412250686265568,
      "words_per_second": 0.5227343622051516,
      "efficiency_score": 3.314041814708141
    }
  }
}